"before","after"
96.2631472394853,82.9512447093345
125.062135746428,84.2115757802505
107.345188414804,80.3763796216427
88.6724749501345,79.9484980804396
106.768111673843,75.1458611193241
105.109336380051,64.2400093993742
99.542933105264,84.7589008888893
103.79200519099,73.5685923791721
103.941523633833,86.7125967031628
106.157985524295,89.7648741314442
